EBELN,BUKRS,EKORG,EKGRP,LIFNR,BEDAT,WAERS,BSTYP,BSART,PO_STATUS
45100001,3000,PO03,B01,V100043,2025-04-07,BRL,F,NB,Approved
45100002,2000,PO02,B03,V100011,2026-08-20,MXN,F,NB,Cancelled
45100003,2000,PO02,B02,V100077,2025-03-28,CNY,F,NB,Approved
45100004,2000,PO02,B05,V100012,2026-03-10,EUR,F,NB,Draft
45100005,2000,PO02,B02,V100044,2026-05-13,BRL,F,NB,Cancelled
45100006,1000,PO01,B03,V100013,2026-06-04,CAD,F,NB,Closed
45100007,3000,PO03,B03,V100099,2025-05-15,MXN,F,NB,Approved
45100008,1000,PO01,B04,V100006,2026-02-25,MXN,F,NB,Closed
45100009,2000,PO02,B04,V100030,2026-07-01,USD,F,NB,Cancelled
45100010,2000,PO02,B03,V100087,2026-08-08,JPY,F,ZBL,Closed
45100011,2000,PO02,B05,V100068,2026-03-05,EUR,F,ZBL,Closed
45100012,3000,PO03,B03,V100007,2026-05-08,BRL,F,FO,Closed
45100013,1000,PO01,B03,V100011,2025-06-14,MXN,F,NB,Cancelled
45100014,1000,PO01,B01,V100029,2026-04-07,BRL,F,FO,Cancelled
45100015,2000,PO02,B04,V100065,2026-01-18,BRL,F,NB,Cancelled
45100016,2000,PO02,B01,V100041,2025-04-12,JPY,F,NB,Closed
45100017,1000,PO01,B01,V100037,2026-04-29,USD,F,NB,Pending Approval
45100018,3000,PO03,B04,V100079,2025-01-06,EUR,F,FO,Draft
45100019,1000,PO01,B05,V100094,2026-06-25,INR,F,NB,Closed
45100020,1000,PO01,B01,V100007,2025-09-02,BRL,F,NB,Closed
45100021,2000,PO02,B01,V100064,2026-07-03,MXN,F,NB,Closed
45100022,1000,PO01,B03,V100055,2025-01-02,INR,F,NB,Approved
45100023,2000,PO02,B01,V100068,2026-01-05,EUR,F,NB,Closed
45100024,3000,PO03,B04,V100061,2025-02-14,CNY,F,NB,Cancelled
45100025,2000,PO02,B03,V100009,2025-12-20,MXN,F,NB,Closed
45100026,1000,PO01,B02,V100006,2025-12-27,MXN,F,NB,Closed
45100027,1000,PO01,B04,V100081,2025-07-06,EUR,F,NB,Pending Approval
45100028,2000,PO02,B03,V100026,2025-02-14,CAD,F,NB,Closed
45100029,2000,PO02,B05,V100051,2026-07-11,GBP,F,NB,Pending Approval
45100030,3000,PO03,B03,V100046,2025-02-18,JPY,F,FO,Approved
45100031,1000,PO01,B04,V100052,2026-03-27,GBP,F,FO,Approved
45100032,1000,PO01,B04,V100048,2026-06-16,MXN,F,NB,Pending Approval
45100033,2000,PO02,B04,V100078,2025-07-04,CAD,F,NB,Approved
45100034,1000,PO01,B03,V100040,2026-04-02,USD,F,NB,Rejected
45100035,3000,PO03,B03,V100058,2025-02-13,INR,F,NB,Cancelled
45100036,3000,PO03,B03,V100082,2025-02-28,EUR,F,NB,Closed
45100037,2000,PO02,B01,V100019,2026-03-25,CAD,F,NB,Pending Approval
45100038,3000,PO03,B03,V100050,2026-08-04,EUR,F,NB,Approved
45100039,2000,PO02,B03,V100057,2025-03-20,MXN,F,NB,Closed
45100040,2000,PO02,B03,V100032,2025-04-27,BRL,F,NB,Approved
45100041,3000,PO03,B05,V100016,2025-09-26,CAD,F,NB,Closed
45100042,1000,PO01,B04,V100026,2025-05-06,CAD,F,NB,Pending Approval
45100043,1000,PO01,B01,V100088,2025-11-24,INR,F,NB,Closed
45100044,3000,PO03,B03,V100021,2025-06-28,USD,F,NB,Closed
45100045,1000,PO01,B02,V100031,2026-05-21,GBP,F,NB,Closed
45100046,2000,PO02,B05,V100017,2025-03-30,INR,F,NB,Approved
45100047,3000,PO03,B05,V100053,2026-02-24,GBP,F,NB,Pending Approval
45100048,2000,PO02,B04,V100060,2026-06-14,CNY,F,NB,Closed
45100049,3000,PO03,B02,V100056,2026-05-30,MXN,F,FO,Pending Approval
45100050,1000,PO01,B03,V100022,2025-06-15,GBP,F,NB,Closed
45100051,2000,PO02,B01,V100033,2025-07-21,EUR,F,NB,Closed
45100052,1000,PO01,B05,V100069,2025-04-06,EUR,F,NB,Approved
45100053,3000,PO03,B02,V100085,2025-12-12,BRL,F,NB,Closed
45100054,1000,PO01,B01,V100083,2026-08-14,CNY,F,NB,Approved
45100055,3000,PO03,B05,V100082,2025-02-01,EUR,F,NB,Closed
45100056,2000,PO02,B04,V100032,2026-02-20,BRL,F,NB,Pending Approval
45100057,1000,PO01,B04,V100054,2026-05-11,INR,F,NB,Approved
45100058,1000,PO01,B03,V100094,2025-12-20,INR,F,ZBL,Pending Approval
45100059,2000,PO02,B03,V100031,2026-04-23,GBP,F,NB,Rejected
45100060,1000,PO01,B01,V100038,2026-01-29,EUR,F,FO,Rejected
45100061,1000,PO01,B05,V100093,2025-11-17,USD,F,NB,Approved
45100062,3000,PO03,B04,V100040,2026-05-25,USD,F,NB,Cancelled
45100063,3000,PO03,B02,V100028,2026-08-21,CAD,F,NB,Pending Approval
45100064,2000,PO02,B03,V100069,2025-01-09,EUR,F,NB,Rejected
45100065,2000,PO02,B04,V100047,2025-02-16,EUR,F,NB,Closed
45100066,1000,PO01,B05,V100037,2025-03-17,USD,F,NB,Closed
45100067,3000,PO03,B05,V100088,2025-05-02,INR,F,NB,Pending Approval
45100068,2000,PO02,B05,V100047,2025-05-28,EUR,F,NB,Closed
45100069,3000,PO03,B01,V100005,2025-05-21,USD,F,NB,Closed
45100070,3000,PO03,B02,V100078,2026-06-12,CAD,F,NB,Cancelled
45100071,2000,PO02,B04,V100079,2025-11-03,EUR,F,NB,Closed
45100072,3000,PO03,B05,V100039,2026-05-02,JPY,F,NB,Approved
45100073,3000,PO03,B04,V100075,2025-11-12,EUR,F,NB,Closed
45100074,3000,PO03,B05,V100061,2025-09-29,CNY,F,ZBL,Closed
45100075,3000,PO03,B01,V100075,2026-05-07,EUR,F,NB,Closed
45100076,3000,PO03,B02,V100088,2025-09-06,INR,F,NB,Cancelled
45100077,1000,PO01,B01,V100057,2025-11-18,MXN,F,NB,Rejected
45100078,1000,PO01,B05,V100100,2026-04-28,JPY,F,FO,Closed
45100079,1000,PO01,B05,V100027,2026-07-29,CNY,F,NB,Closed
45100080,3000,PO03,B03,V100023,2026-04-16,CAD,F,FO,Approved
45100081,2000,PO02,B05,V100062,2025-07-16,CAD,F,ZBL,Approved
45100082,2000,PO02,B03,V100099,2025-10-23,MXN,F,NB,Closed
45100083,2000,PO02,B04,V100045,2026-07-28,MXN,F,FO,Closed
45100084,2000,PO02,B01,V100074,2026-07-11,BRL,F,NB,Cancelled
45100085,2000,PO02,B03,V100006,2025-10-22,MXN,F,ZBL,Pending Approval
45100086,2000,PO02,B04,V100028,2025-07-26,CAD,F,NB,Approved
45100087,3000,PO03,B02,V100014,2026-08-24,EUR,F,NB,Pending Approval
45100088,3000,PO03,B02,V100007,2025-04-13,BRL,F,NB,Closed
45100089,1000,PO01,B01,V100071,2025-06-11,JPY,F,NB,Cancelled
45100090,2000,PO02,B02,V100097,2025-10-22,BRL,F,NB,Closed
45100091,1000,PO01,B05,V100095,2025-02-08,MXN,F,FO,Approved
45100092,1000,PO01,B04,V100064,2025-07-10,MXN,F,FO,Cancelled
45100093,2000,PO02,B01,V100039,2026-08-05,JPY,F,NB,Cancelled
45100094,2000,PO02,B04,V100083,2026-07-11,CNY,F,NB,Closed
45100095,1000,PO01,B03,V100025,2025-04-26,EUR,F,NB,Closed
45100096,3000,PO03,B02,V100002,2025-12-12,CAD,F,NB,Closed
45100097,1000,PO01,B05,V100082,2026-02-20,EUR,F,NB,Closed
45100098,1000,PO01,B01,V100024,2025-05-24,MXN,F,NB,Cancelled
45100099,1000,PO01,B04,V100031,2026-04-03,GBP,F,NB,Cancelled
45100100,2000,PO02,B03,V100084,2026-01-04,USD,F,NB,Pending Approval
45100101,1000,PO01,B03,V100021,2026-02-20,USD,F,NB,Cancelled
45100102,3000,PO03,B01,V100082,2025-10-30,EUR,F,NB,Approved
45100103,1000,PO01,B02,V100059,2026-01-18,CNY,F,NB,Closed
45100104,2000,PO02,B02,V100088,2025-03-25,INR,F,NB,Closed
45100105,2000,PO02,B05,V100015,2025-03-05,JPY,F,NB,Cancelled
45100106,1000,PO01,B02,V100042,2026-06-17,INR,F,NB,Closed
45100107,3000,PO03,B01,V100066,2026-04-02,CAD,F,NB,Closed
45100108,3000,PO03,B04,V100073,2025-03-01,CNY,F,NB,Closed
45100109,2000,PO02,B04,V100033,2025-01-04,EUR,F,NB,Closed
45100110,1000,PO01,B03,V100090,2025-03-07,EUR,F,NB,Pending Approval
45100111,1000,PO01,B01,V100037,2026-02-23,USD,F,NB,Pending Approval
45100112,3000,PO03,B03,V100049,2026-04-05,CAD,F,FO,Cancelled
45100113,2000,PO02,B05,V100018,2025-12-23,EUR,F,NB,Cancelled
45100114,2000,PO02,B02,V100001,2025-01-24,EUR,F,ZBL,Closed
45100115,3000,PO03,B05,V100049,2025-08-24,CAD,F,NB,Approved
45100116,2000,PO02,B01,V100005,2026-03-06,USD,F,NB,Cancelled
45100117,1000,PO01,B02,V100009,2025-04-14,MXN,F,NB,Rejected
45100118,3000,PO03,B02,V100095,2025-02-15,MXN,F,NB,Approved
45100119,1000,PO01,B02,V100065,2025-10-24,BRL,F,NB,Cancelled
45100120,3000,PO03,B05,V100077,2025-11-25,CNY,F,NB,Closed
45100121,3000,PO03,B04,V100039,2025-10-09,JPY,F,NB,Cancelled
45100122,3000,PO03,B04,V100072,2026-05-23,INR,F,NB,Approved
45100123,3000,PO03,B05,V100041,2026-03-03,JPY,F,NB,Approved
45100124,1000,PO01,B02,V100029,2025-11-04,BRL,F,FO,Pending Approval
45100125,2000,PO02,B05,V100053,2026-03-03,GBP,F,NB,Pending Approval
45100126,1000,PO01,B02,V100043,2025-03-22,BRL,F,FO,Closed
45100127,1000,PO01,B01,V100035,2026-01-22,CNY,F,NB,Closed
45100128,1000,PO01,B05,V100093,2026-07-27,USD,F,NB,Approved
45100129,2000,PO02,B01,V100028,2025-07-14,CAD,F,ZBL,Pending Approval
45100130,2000,PO02,B05,V100091,2025-07-29,EUR,F,NB,Approved
45100131,2000,PO02,B04,V100060,2026-07-01,CNY,F,NB,Approved
45100132,2000,PO02,B04,V100013,2026-04-26,CAD,F,NB,Approved
45100133,1000,PO01,B03,V100053,2025-02-16,GBP,F,NB,Approved
45100134,1000,PO01,B03,V100071,2026-08-22,JPY,F,NB,Rejected
45100135,1000,PO01,B03,V100030,2026-01-24,USD,F,NB,Approved
45100136,3000,PO03,B03,V100098,2026-05-16,EUR,F,ZBL,Closed
45100137,2000,PO02,B02,V100094,2025-12-27,INR,F,NB,Closed
45100138,2000,PO02,B05,V100083,2025-03-02,CNY,F,NB,Closed
45100139,1000,PO01,B01,V100053,2025-05-21,GBP,F,NB,Approved
45100140,3000,PO03,B01,V100028,2026-06-02,CAD,F,NB,Pending Approval
45100141,3000,PO03,B04,V100003,2025-01-07,CNY,F,NB,Rejected
45100142,1000,PO01,B05,V100037,2025-01-18,USD,F,NB,Closed
45100143,2000,PO02,B01,V100013,2026-06-21,CAD,F,NB,Approved
45100144,3000,PO03,B03,V100035,2026-02-11,CNY,F,NB,Cancelled
45100145,2000,PO02,B02,V100039,2025-03-24,JPY,F,NB,Closed
45100146,1000,PO01,B04,V100049,2026-01-22,CAD,F,NB,Pending Approval
45100147,1000,PO01,B01,V100064,2026-03-21,MXN,F,NB,Approved
45100148,1000,PO01,B02,V100028,2026-08-04,CAD,F,NB,Pending Approval
45100149,1000,PO01,B05,V100073,2025-02-03,CNY,F,NB,Closed
45100150,1000,PO01,B05,V100019,2026-02-12,CAD,F,FO,Approved
45100151,3000,PO03,B05,V100050,2026-07-08,EUR,F,NB,Closed
45100152,1000,PO01,B05,V100096,2025-12-21,USD,F,NB,Rejected
45100153,1000,PO01,B05,V100099,2026-02-11,MXN,F,ZBL,Approved
45100154,3000,PO03,B04,V100063,2025-08-22,GBP,F,NB,Cancelled
45100155,2000,PO02,B05,V100085,2026-01-25,BRL,F,NB,Closed
45100156,1000,PO01,B01,V100035,2025-06-07,CNY,F,NB,Closed
45100157,1000,PO01,B03,V100047,2025-04-20,EUR,F,NB,Cancelled
45100158,2000,PO02,B03,V100014,2025-05-16,EUR,F,NB,Rejected
45100159,3000,PO03,B01,V100004,2025-04-02,CAD,F,NB,Pending Approval
45100160,3000,PO03,B04,V100002,2025-10-26,CAD,F,NB,Closed
45100161,3000,PO03,B05,V100067,2025-06-23,MXN,F,NB,Approved
45100162,2000,PO02,B03,V100064,2025-05-30,MXN,F,NB,Rejected
45100163,2000,PO02,B04,V100010,2026-01-05,GBP,F,NB,Approved
45100164,3000,PO03,B05,V100079,2025-07-20,EUR,F,NB,Pending Approval
45100165,1000,PO01,B03,V100080,2026-01-25,CNY,F,NB,Approved
45100166,2000,PO02,B05,V100018,2025-11-04,EUR,F,NB,Cancelled
45100167,1000,PO01,B03,V100023,2026-02-12,CAD,F,ZBL,Approved
45100168,3000,PO03,B05,V100032,2025-11-30,BRL,F,NB,Closed
45100169,2000,PO02,B01,V100073,2025-07-24,CNY,F,NB,Closed
45100170,3000,PO03,B04,V100091,2025-08-03,EUR,F,NB,Approved
45100171,3000,PO03,B04,V100087,2026-05-27,JPY,F,NB,Approved
45100172,2000,PO02,B04,V100049,2025-03-17,CAD,F,NB,Closed
45100173,3000,PO03,B05,V100065,2026-03-05,BRL,F,NB,Closed
45100174,2000,PO02,B01,V100099,2025-09-12,MXN,F,NB,Approved
45100175,3000,PO03,B05,V100083,2026-02-14,CNY,F,ZBL,Approved
45100176,2000,PO02,B01,V100013,2025-09-22,CAD,F,NB,Closed
45100177,3000,PO03,B04,V100048,2026-02-05,MXN,F,NB,Closed
45100178,3000,PO03,B03,V100004,2026-05-10,CAD,F,NB,Rejected
45100179,1000,PO01,B02,V100045,2025-11-16,MXN,F,NB,Closed
45100180,3000,PO03,B03,V100061,2025-04-10,CNY,F,NB,Closed
45100181,2000,PO02,B03,V100006,2025-04-28,MXN,F,NB,Approved
45100182,1000,PO01,B02,V100067,2025-06-28,MXN,F,NB,Approved
45100183,2000,PO02,B02,V100052,2025-07-08,GBP,F,NB,Closed
45100184,2000,PO02,B05,V100026,2026-04-06,CAD,F,NB,Approved
45100185,3000,PO03,B02,V100036,2025-03-06,CNY,F,NB,Closed
45100186,3000,PO03,B03,V100042,2025-07-21,INR,F,NB,Approved
45100187,2000,PO02,B05,V100050,2026-02-06,EUR,F,NB,Approved
45100188,2000,PO02,B03,V100079,2025-03-28,EUR,F,NB,Approved
45100189,1000,PO01,B01,V100024,2026-01-18,MXN,F,NB,Closed
45100190,2000,PO02,B05,V100050,2026-03-10,EUR,F,NB,Closed
45100191,3000,PO03,B05,V100022,2026-05-17,GBP,F,NB,Approved
45100192,2000,PO02,B03,V100002,2026-05-12,CAD,F,NB,Closed
45100193,3000,PO03,B04,V100088,2026-05-19,INR,F,NB,Closed
45100194,2000,PO02,B01,V100073,2025-02-01,CNY,F,NB,Approved
45100195,1000,PO01,B02,V100069,2025-10-23,EUR,F,NB,Closed
45100196,3000,PO03,B05,V100066,2025-04-26,CAD,F,NB,Approved
45100197,3000,PO03,B05,V100097,2025-02-12,BRL,F,NB,Rejected
45100198,1000,PO01,B01,V100095,2025-09-11,MXN,F,NB,Cancelled
45100199,2000,PO02,B03,V100012,2026-03-26,EUR,F,FO,Pending Approval
45100200,1000,PO01,B05,V100089,2025-12-26,USD,F,FO,Closed
45100201,2000,PO02,B05,V100018,2025-07-31,EUR,F,NB,Closed
45100202,3000,PO03,B05,V100036,2026-07-06,CNY,F,NB,Cancelled
45100203,2000,PO02,B05,V100035,2026-06-11,CNY,F,ZBL,Closed
45100204,1000,PO01,B04,V100008,2025-10-11,EUR,F,FO,Pending Approval
45100205,1000,PO01,B02,V100092,2025-11-26,CAD,F,NB,Closed
45100206,3000,PO03,B04,V100019,2026-08-15,CAD,F,NB,Closed
45100207,2000,PO02,B01,V100082,2025-04-06,EUR,F,NB,Closed
45100208,3000,PO03,B04,V100063,2025-12-02,GBP,F,NB,Closed
45100209,3000,PO03,B04,V100082,2026-01-02,EUR,F,FO,Closed
45100210,2000,PO02,B04,V100028,2026-05-22,CAD,F,NB,Closed
45100211,2000,PO02,B05,V100063,2025-12-18,GBP,F,FO,Closed
45100212,1000,PO01,B04,V100003,2025-05-08,CNY,F,FO,Approved
45100213,2000,PO02,B04,V100026,2025-05-16,CAD,F,FO,Approved
45100214,2000,PO02,B03,V100033,2025-03-26,EUR,F,NB,Cancelled
45100215,1000,PO01,B04,V100081,2025-11-09,EUR,F,NB,Closed
45100216,2000,PO02,B01,V100001,2025-08-07,EUR,F,NB,Pending Approval
45100217,1000,PO01,B01,V100002,2025-12-18,CAD,F,NB,Cancelled
45100218,2000,PO02,B04,V100010,2025-08-23,GBP,F,NB,Closed
45100219,1000,PO01,B03,V100048,2025-11-03,MXN,F,NB,Closed
45100220,1000,PO01,B01,V100068,2026-07-31,EUR,F,NB,Closed
45100221,2000,PO02,B02,V100081,2025-06-05,EUR,F,FO,Closed
45100222,2000,PO02,B01,V100013,2025-05-24,CAD,F,NB,Closed
45100223,2000,PO02,B04,V100041,2025-05-24,JPY,F,NB,Closed
45100224,1000,PO01,B01,V100085,2025-11-05,BRL,F,NB,Closed
45100225,1000,PO01,B03,V100083,2025-02-25,CNY,F,NB,Closed
45100226,1000,PO01,B04,V100015,2025-09-04,JPY,F,NB,Closed
45100227,3000,PO03,B03,V100041,2025-05-16,JPY,F,NB,Closed
45100228,2000,PO02,B05,V100088,2025-06-26,INR,F,NB,Cancelled
45100229,1000,PO01,B05,V100009,2025-01-15,MXN,F,NB,Pending Approval
45100230,1000,PO01,B05,V100037,2026-05-29,USD,F,NB,Rejected
45100231,2000,PO02,B05,V100069,2025-06-06,EUR,F,NB,Approved
45100232,3000,PO03,B02,V100069,2025-12-01,EUR,F,NB,Closed
45100233,3000,PO03,B03,V100090,2026-03-24,EUR,F,NB,Closed
45100234,1000,PO01,B01,V100056,2025-04-29,MXN,F,NB,Closed
45100235,2000,PO02,B01,V100002,2025-05-21,CAD,F,NB,Approved
45100236,2000,PO02,B02,V100048,2025-05-10,MXN,F,NB,Closed
45100237,3000,PO03,B01,V100043,2026-03-16,BRL,F,NB,Pending Approval
45100238,3000,PO03,B04,V100059,2026-06-08,CNY,F,NB,Closed
45100239,3000,PO03,B03,V100021,2025-09-19,USD,F,NB,Closed
45100240,3000,PO03,B02,V100095,2026-06-06,MXN,F,NB,Closed
45100241,1000,PO01,B01,V100061,2026-01-08,CNY,F,NB,Approved
45100242,1000,PO01,B02,V100042,2025-09-12,INR,F,NB,Closed
45100243,2000,PO02,B05,V100048,2025-05-03,MXN,F,NB,Cancelled
45100244,1000,PO01,B05,V100006,2026-02-15,MXN,F,NB,Closed
45100245,2000,PO02,B03,V100012,2026-07-21,EUR,F,NB,Approved
45100246,2000,PO02,B05,V100032,2026-04-21,BRL,F,NB,Cancelled
45100247,1000,PO01,B02,V100001,2026-02-24,EUR,F,NB,Closed
45100248,3000,PO03,B03,V100001,2026-01-21,EUR,F,NB,Closed
45100249,1000,PO01,B05,V100031,2026-03-06,GBP,F,NB,Pending Approval
45100250,1000,PO01,B01,V100006,2025-08-26,MXN,F,FO,Closed
45100251,3000,PO03,B04,V100096,2025-03-28,USD,F,NB,Closed
45100252,3000,PO03,B01,V100076,2026-08-05,EUR,F,NB,Closed
45100253,1000,PO01,B03,V100034,2025-11-19,USD,F,FO,Approved
45100254,3000,PO03,B03,V100058,2025-10-06,INR,F,NB,Cancelled
45100255,1000,PO01,B02,V100014,2025-06-18,EUR,F,NB,Approved
45100256,1000,PO01,B02,V100058,2025-11-12,INR,F,NB,Closed
45100257,1000,PO01,B03,V100091,2025-02-11,EUR,F,NB,Closed
45100258,1000,PO01,B02,V100046,2026-02-10,JPY,F,NB,Closed
45100259,2000,PO02,B01,V100052,2026-04-09,GBP,F,NB,Closed
45100260,1000,PO01,B01,V100018,2025-05-05,EUR,F,NB,Closed
45100261,1000,PO01,B02,V100052,2026-01-17,GBP,F,NB,Cancelled
45100262,1000,PO01,B01,V100003,2025-03-08,CNY,F,NB,Closed
45100263,1000,PO01,B03,V100016,2025-02-13,CAD,F,FO,Pending Approval
45100264,3000,PO03,B04,V100064,2025-01-31,MXN,F,NB,Rejected
45100265,2000,PO02,B02,V100036,2025-10-14,CNY,F,NB,Pending Approval
45100266,3000,PO03,B03,V100064,2026-02-26,MXN,F,FO,Closed
45100267,1000,PO01,B04,V100018,2026-03-06,EUR,F,NB,Closed
45100268,3000,PO03,B05,V100003,2026-01-27,CNY,F,NB,Approved
45100269,3000,PO03,B03,V100073,2026-05-30,CNY,F,NB,Approved
45100270,1000,PO01,B05,V100029,2025-01-31,BRL,F,FO,Closed
45100271,1000,PO01,B05,V100046,2026-08-22,JPY,F,ZBL,Cancelled
45100272,1000,PO01,B02,V100035,2026-07-01,CNY,F,NB,Cancelled
45100273,1000,PO01,B05,V100050,2025-12-30,EUR,F,FO,Cancelled
45100274,1000,PO01,B02,V100076,2025-11-22,EUR,F,NB,Closed
45100275,3000,PO03,B03,V100073,2026-08-01,CNY,F,NB,Cancelled
45100276,2000,PO02,B02,V100063,2025-02-08,GBP,F,NB,Approved
45100277,1000,PO01,B05,V100062,2025-01-01,CAD,F,NB,Closed
45100278,1000,PO01,B02,V100042,2025-03-02,INR,F,NB,Closed
45100279,1000,PO01,B05,V100047,2025-03-16,EUR,F,NB,Cancelled
45100280,2000,PO02,B03,V100039,2025-11-27,JPY,F,NB,Approved
45100281,2000,PO02,B03,V100023,2026-07-30,CAD,F,NB,Cancelled
45100282,2000,PO02,B05,V100023,2026-01-23,CAD,F,NB,Closed
45100283,1000,PO01,B01,V100090,2026-08-10,EUR,F,NB,Cancelled
45100284,3000,PO03,B02,V100078,2025-11-22,CAD,F,FO,Cancelled
45100285,1000,PO01,B04,V100019,2025-12-06,CAD,F,NB,Approved
45100286,2000,PO02,B01,V100091,2025-12-10,EUR,F,NB,Approved
45100287,1000,PO01,B03,V100033,2025-04-21,EUR,F,NB,Pending Approval
45100288,2000,PO02,B02,V100053,2026-05-20,GBP,F,FO,Approved
45100289,2000,PO02,B04,V100074,2025-08-19,BRL,F,NB,Pending Approval
45100290,1000,PO01,B01,V100041,2025-09-25,JPY,F,ZBL,Pending Approval
45100291,1000,PO01,B02,V100094,2025-03-18,INR,F,NB,Closed
45100292,1000,PO01,B05,V100079,2026-05-10,EUR,F,NB,Rejected
45100293,3000,PO03,B05,V100056,2025-06-10,MXN,F,NB,Approved
45100294,1000,PO01,B05,V100093,2026-07-08,USD,F,NB,Approved
45100295,1000,PO01,B01,V100051,2026-08-09,GBP,F,NB,Closed
45100296,1000,PO01,B01,V100055,2025-03-31,INR,F,NB,Closed
45100297,3000,PO03,B02,V100013,2025-01-27,CAD,F,NB,Closed
45100298,1000,PO01,B01,V100040,2026-02-12,USD,F,NB,Closed
45100299,2000,PO02,B05,V100050,2025-07-09,EUR,F,NB,Approved
45100300,1000,PO01,B01,V100034,2026-03-27,USD,F,NB,Approved
45100301,2000,PO02,B02,V100097,2025-04-10,BRL,F,NB,Approved
45100302,3000,PO03,B05,V100030,2026-07-21,USD,F,NB,Approved
45100303,3000,PO03,B05,V100088,2026-05-02,INR,F,NB,Approved
45100304,2000,PO02,B04,V100092,2025-02-05,CAD,F,NB,Cancelled
45100305,3000,PO03,B01,V100097,2026-04-05,BRL,F,NB,Cancelled
45100306,1000,PO01,B02,V100006,2026-03-10,MXN,F,NB,Closed
45100307,1000,PO01,B05,V100034,2025-11-24,USD,F,FO,Cancelled
45100308,1000,PO01,B04,V100072,2026-02-11,INR,F,NB,Closed
45100309,3000,PO03,B01,V100090,2026-08-25,EUR,F,NB,Rejected
45100310,2000,PO02,B02,V100073,2026-08-26,CNY,F,NB,Cancelled
45100311,1000,PO01,B05,V100100,2025-04-14,JPY,F,NB,Closed
45100312,2000,PO02,B03,V100050,2026-05-13,EUR,F,NB,Closed
45100313,1000,PO01,B04,V100019,2026-02-16,CAD,F,NB,Closed
45100314,2000,PO02,B01,V100096,2026-05-02,USD,F,FO,Closed
45100315,1000,PO01,B03,V100040,2025-10-15,USD,F,NB,Closed
45100316,3000,PO03,B02,V100018,2025-11-04,EUR,F,ZBL,Rejected
45100317,2000,PO02,B04,V100078,2025-04-02,CAD,F,NB,Approved
45100318,2000,PO02,B05,V100048,2025-02-27,MXN,F,NB,Approved
45100319,2000,PO02,B02,V100100,2026-06-21,JPY,F,FO,Draft
45100320,1000,PO01,B01,V100032,2025-02-03,BRL,F,NB,Cancelled
45100321,3000,PO03,B03,V100048,2026-04-21,MXN,F,NB,Closed
45100322,1000,PO01,B02,V100048,2026-05-16,MXN,F,NB,Approved
45100323,2000,PO02,B03,V100021,2025-09-22,USD,F,NB,Closed
45100324,2000,PO02,B04,V100007,2025-06-16,BRL,F,FO,Closed
45100325,1000,PO01,B02,V100087,2025-07-31,JPY,F,NB,Rejected
45100326,1000,PO01,B04,V100017,2025-06-27,INR,F,NB,Draft
45100327,2000,PO02,B03,V100055,2026-01-21,INR,F,FO,Closed
45100328,1000,PO01,B03,V100087,2026-06-18,JPY,F,NB,Approved
45100329,1000,PO01,B05,V100085,2026-01-19,BRL,F,NB,Closed
45100330,2000,PO02,B01,V100062,2025-03-07,CAD,F,NB,Approved
45100331,2000,PO02,B03,V100084,2025-11-02,USD,F,NB,Closed
45100332,1000,PO01,B05,V100052,2025-11-24,GBP,F,NB,Closed
45100333,3000,PO03,B03,V100034,2026-03-05,USD,F,NB,Closed
45100334,3000,PO03,B03,V100093,2025-08-16,USD,F,NB,Closed
45100335,2000,PO02,B05,V100039,2025-06-24,JPY,F,NB,Closed
45100336,1000,PO01,B01,V100061,2025-05-12,CNY,F,NB,Closed
45100337,3000,PO03,B03,V100084,2025-04-02,USD,F,NB,Approved
45100338,2000,PO02,B03,V100048,2025-09-24,MXN,F,NB,Closed
45100339,1000,PO01,B01,V100082,2026-08-21,EUR,F,NB,Closed
45100340,2000,PO02,B05,V100016,2026-01-26,CAD,F,NB,Rejected
45100341,1000,PO01,B02,V100044,2026-02-24,BRL,F,ZBL,Closed
45100342,2000,PO02,B03,V100092,2025-07-04,CAD,F,NB,Closed
45100343,3000,PO03,B03,V100082,2025-03-01,EUR,F,NB,Approved
45100344,1000,PO01,B04,V100098,2025-04-01,EUR,F,NB,Rejected
45100345,2000,PO02,B04,V100062,2026-01-28,CAD,F,NB,Closed
45100346,3000,PO03,B01,V100042,2026-06-28,INR,F,NB,Closed
45100347,3000,PO03,B02,V100089,2025-12-19,USD,F,NB,Pending Approval
45100348,3000,PO03,B02,V100009,2025-02-16,MXN,F,NB,Approved
45100349,3000,PO03,B04,V100088,2025-05-18,INR,F,NB,Cancelled
45100350,2000,PO02,B02,V100052,2025-01-20,GBP,F,NB,Closed
45100351,1000,PO01,B01,V100076,2026-06-01,EUR,F,NB,Approved
45100352,3000,PO03,B04,V100082,2025-09-19,EUR,F,NB,Closed
45100353,3000,PO03,B01,V100084,2025-01-21,USD,F,NB,Pending Approval
45100354,2000,PO02,B01,V100071,2025-09-16,JPY,F,NB,Approved
45100355,3000,PO03,B03,V100054,2025-04-14,INR,F,NB,Approved
45100356,3000,PO03,B04,V100014,2026-06-08,EUR,F,NB,Pending Approval
45100357,1000,PO01,B04,V100026,2025-07-24,CAD,F,NB,Closed
45100358,1000,PO01,B04,V100038,2025-06-14,EUR,F,NB,Closed
45100359,1000,PO01,B03,V100031,2025-01-03,GBP,F,NB,Pending Approval
45100360,1000,PO01,B02,V100012,2026-06-08,EUR,F,NB,Closed
45100361,2000,PO02,B04,V100038,2025-09-28,EUR,F,NB,Pending Approval
45100362,1000,PO01,B03,V100047,2025-11-17,EUR,F,NB,Pending Approval
45100363,1000,PO01,B02,V100085,2025-06-24,BRL,F,NB,Closed
45100364,3000,PO03,B01,V100048,2025-12-17,MXN,F,NB,Rejected
45100365,2000,PO02,B04,V100089,2026-05-05,USD,F,NB,Closed
45100366,1000,PO01,B02,V100090,2025-03-02,EUR,F,ZBL,Closed
45100367,1000,PO01,B05,V100062,2026-08-06,CAD,F,NB,Approved
45100368,2000,PO02,B05,V100004,2025-05-14,CAD,F,NB,Closed
45100369,2000,PO02,B01,V100009,2025-09-25,MXN,F,NB,Draft
45100370,3000,PO03,B03,V100067,2026-06-20,MXN,F,NB,Closed
45100371,2000,PO02,B04,V100045,2026-01-30,MXN,F,NB,Closed
45100372,3000,PO03,B01,V100083,2025-06-10,CNY,F,NB,Closed
45100373,2000,PO02,B01,V100097,2026-05-19,BRL,F,NB,Approved
45100374,2000,PO02,B05,V100029,2026-07-18,BRL,F,NB,Rejected
45100375,1000,PO01,B04,V100057,2026-08-10,MXN,F,NB,Closed
45100376,2000,PO02,B01,V100064,2025-01-19,MXN,F,NB,Rejected
45100377,3000,PO03,B01,V100078,2025-11-08,CAD,F,FO,Closed
45100378,3000,PO03,B03,V100047,2025-02-25,EUR,F,NB,Closed
45100379,2000,PO02,B03,V100092,2026-04-09,CAD,F,NB,Closed
45100380,1000,PO01,B03,V100046,2025-10-26,JPY,F,NB,Approved
45100381,1000,PO01,B02,V100064,2025-05-24,MXN,F,NB,Closed
45100382,2000,PO02,B03,V100079,2025-07-20,EUR,F,NB,Cancelled
45100383,2000,PO02,B04,V100025,2025-12-13,EUR,F,NB,Rejected
45100384,3000,PO03,B04,V100059,2026-06-01,CNY,F,NB,Closed
45100385,3000,PO03,B05,V100056,2026-08-23,MXN,F,NB,Closed
45100386,1000,PO01,B02,V100014,2026-02-01,EUR,F,NB,Closed
45100387,2000,PO02,B04,V100078,2025-09-12,CAD,F,NB,Cancelled
45100388,2000,PO02,B02,V100018,2026-02-27,EUR,F,NB,Closed
45100389,3000,PO03,B05,V100041,2026-07-21,JPY,F,NB,Approved
45100390,3000,PO03,B03,V100087,2025-05-16,JPY,F,ZBL,Closed
45100391,1000,PO01,B01,V100098,2025-12-27,EUR,F,NB,Closed
45100392,3000,PO03,B05,V100037,2026-03-09,USD,F,NB,Closed
45100393,1000,PO01,B02,V100007,2025-02-27,BRL,F,NB,Closed
45100394,1000,PO01,B03,V100019,2025-03-05,CAD,F,NB,Approved
45100395,3000,PO03,B03,V100058,2025-04-15,INR,F,NB,Closed
45100396,3000,PO03,B05,V100050,2025-09-01,EUR,F,NB,Closed
45100397,3000,PO03,B01,V100049,2026-02-01,CAD,F,NB,Closed
45100398,3000,PO03,B05,V100007,2025-01-14,BRL,F,NB,Approved
45100399,2000,PO02,B03,V100097,2026-08-26,BRL,F,NB,Closed
45100400,3000,PO03,B03,V100058,2025-07-01,INR,F,ZBL,Pending Approval
45100401,1000,PO01,B04,V100006,2026-03-15,MXN,F,NB,Approved
45100402,1000,PO01,B01,V100043,2026-04-23,BRL,F,NB,Approved
45100403,1000,PO01,B05,V100007,2025-11-05,BRL,F,NB,Closed
45100404,2000,PO02,B03,V100068,2025-08-14,EUR,F,ZBL,Closed
45100405,3000,PO03,B04,V100070,2026-07-04,GBP,F,NB,Approved
45100406,1000,PO01,B03,V100047,2025-10-28,EUR,F,NB,Closed
45100407,3000,PO03,B05,V100097,2025-01-10,BRL,F,NB,Approved
45100408,1000,PO01,B01,V100088,2025-11-25,INR,F,NB,Closed
45100409,1000,PO01,B03,V100070,2025-10-17,GBP,F,NB,Closed
45100410,2000,PO02,B04,V100006,2025-10-31,MXN,F,FO,Approved
45100411,3000,PO03,B01,V100022,2026-07-05,GBP,F,NB,Closed
45100412,1000,PO01,B04,V100014,2025-07-30,EUR,F,NB,Closed
45100413,3000,PO03,B01,V100096,2025-06-07,USD,F,NB,Closed
45100414,1000,PO01,B01,V100007,2025-07-02,BRL,F,NB,Closed
45100415,3000,PO03,B03,V100053,2026-02-02,GBP,F,NB,Rejected
45100416,2000,PO02,B04,V100087,2025-05-02,JPY,F,NB,Closed
45100417,3000,PO03,B05,V100006,2025-03-16,MXN,F,NB,Closed
45100418,2000,PO02,B05,V100012,2025-10-16,EUR,F,NB,Rejected
45100419,2000,PO02,B04,V100021,2026-07-01,USD,F,NB,Closed
45100420,3000,PO03,B02,V100039,2026-01-18,JPY,F,ZBL,Draft
45100421,3000,PO03,B01,V100006,2025-01-06,MXN,F,NB,Approved
45100422,3000,PO03,B03,V100027,2025-12-19,CNY,F,NB,Cancelled
45100423,3000,PO03,B02,V100024,2025-08-15,MXN,F,NB,Approved
45100424,1000,PO01,B05,V100007,2026-07-17,BRL,F,NB,Closed
45100425,2000,PO02,B03,V100013,2025-07-22,CAD,F,NB,Closed
45100426,2000,PO02,B02,V100086,2025-08-29,EUR,F,NB,Closed
45100427,1000,PO01,B04,V100058,2025-12-03,INR,F,NB,Approved
45100428,3000,PO03,B05,V100073,2026-01-09,CNY,F,NB,Cancelled
45100429,1000,PO01,B03,V100032,2025-08-15,BRL,F,NB,Closed
45100430,2000,PO02,B02,V100087,2025-12-06,JPY,F,FO,Closed
45100431,2000,PO02,B04,V100071,2025-04-22,JPY,F,NB,Closed
45100432,2000,PO02,B05,V100026,2025-09-27,CAD,F,NB,Closed
45100433,3000,PO03,B01,V100065,2025-02-01,BRL,F,NB,Closed
45100434,3000,PO03,B01,V100071,2025-09-24,JPY,F,NB,Cancelled
45100435,2000,PO02,B03,V100051,2025-08-17,GBP,F,FO,Closed
45100436,2000,PO02,B04,V100065,2026-06-07,BRL,F,NB,Approved
45100437,1000,PO01,B05,V100088,2025-06-19,INR,F,NB,Pending Approval
45100438,1000,PO01,B05,V100073,2025-05-30,CNY,F,NB,Closed
45100439,2000,PO02,B02,V100098,2026-05-15,EUR,F,NB,Approved
45100440,1000,PO01,B02,V100067,2026-01-05,MXN,F,NB,Cancelled
45100441,1000,PO01,B03,V100014,2026-06-18,EUR,F,NB,Approved
45100442,3000,PO03,B05,V100070,2026-08-07,GBP,F,NB,Closed
45100443,2000,PO02,B05,V100033,2026-01-21,EUR,F,ZBL,Approved
45100444,2000,PO02,B03,V100063,2026-05-09,GBP,F,FO,Draft
45100445,1000,PO01,B02,V100030,2025-03-20,USD,F,NB,Approved
45100446,1000,PO01,B02,V100047,2025-05-02,EUR,F,NB,Rejected
45100447,2000,PO02,B04,V100087,2026-05-06,JPY,F,NB,Closed
45100448,3000,PO03,B01,V100032,2025-02-14,BRL,F,NB,Closed
45100449,1000,PO01,B05,V100019,2025-02-27,CAD,F,NB,Cancelled
45100450,3000,PO03,B05,V100073,2025-01-20,CNY,F,FO,Closed
45100451,2000,PO02,B02,V100058,2026-04-28,INR,F,FO,Approved
45100452,2000,PO02,B05,V100099,2025-07-06,MXN,F,NB,Closed
45100453,1000,PO01,B04,V100077,2025-03-12,CNY,F,NB,Approved
45100454,1000,PO01,B02,V100067,2026-06-01,MXN,F,NB,Closed
45100455,3000,PO03,B02,V100061,2025-02-09,CNY,F,FO,Closed
45100456,1000,PO01,B04,V100085,2025-05-14,BRL,F,FO,Closed
45100457,1000,PO01,B05,V100054,2026-01-15,INR,F,FO,Closed
45100458,2000,PO02,B04,V100099,2026-01-26,MXN,F,NB,Closed
45100459,3000,PO03,B04,V100018,2025-09-18,EUR,F,NB,Approved
45100460,1000,PO01,B05,V100070,2026-02-23,GBP,F,NB,Draft
45100461,3000,PO03,B05,V100067,2025-05-01,MXN,F,NB,Approved
45100462,1000,PO01,B04,V100047,2025-04-20,EUR,F,NB,Closed
45100463,2000,PO02,B05,V100055,2026-08-02,INR,F,NB,Approved
45100464,3000,PO03,B02,V100053,2026-07-20,GBP,F,NB,Closed
45100465,2000,PO02,B03,V100040,2026-08-15,USD,F,NB,Closed
45100466,3000,PO03,B01,V100096,2025-08-24,USD,F,NB,Closed
45100467,1000,PO01,B02,V100066,2026-02-15,CAD,F,NB,Closed
45100468,3000,PO03,B02,V100050,2025-01-06,EUR,F,NB,Closed
45100469,2000,PO02,B01,V100009,2025-09-27,MXN,F,NB,Pending Approval
45100470,1000,PO01,B04,V100079,2026-06-18,EUR,F,NB,Cancelled
45100471,1000,PO01,B04,V100057,2025-01-11,MXN,F,NB,Closed
45100472,3000,PO03,B02,V100005,2026-06-07,USD,F,NB,Approved
45100473,1000,PO01,B03,V100031,2025-01-01,GBP,F,ZBL,Pending Approval
45100474,2000,PO02,B03,V100086,2026-02-09,EUR,F,NB,Approved
45100475,1000,PO01,B01,V100071,2025-10-19,JPY,F,NB,Closed
45100476,3000,PO03,B03,V100036,2025-08-20,CNY,F,NB,Approved
45100477,2000,PO02,B03,V100023,2026-02-21,CAD,F,NB,Closed
45100478,3000,PO03,B03,V100015,2026-06-10,JPY,F,ZBL,Closed
45100479,3000,PO03,B04,V100049,2026-07-31,CAD,F,NB,Approved
45100480,2000,PO02,B04,V100076,2025-01-29,EUR,F,NB,Approved
45100481,2000,PO02,B02,V100041,2026-02-27,JPY,F,ZBL,Closed
45100482,1000,PO01,B02,V100037,2025-04-06,USD,F,NB,Closed
45100483,2000,PO02,B05,V100023,2026-05-03,CAD,F,NB,Approved
45100484,3000,PO03,B02,V100096,2025-07-14,USD,F,NB,Approved
45100485,3000,PO03,B03,V100027,2025-08-23,CNY,F,NB,Approved
45100486,3000,PO03,B02,V100100,2025-04-20,JPY,F,NB,Pending Approval
45100487,3000,PO03,B05,V100001,2026-07-09,EUR,F,ZBL,Closed
45100488,2000,PO02,B04,V100074,2025-10-09,BRL,F,NB,Cancelled
45100489,3000,PO03,B04,V100029,2026-08-14,BRL,F,NB,Closed
45100490,2000,PO02,B05,V100005,2026-05-30,USD,F,NB,Closed
45100491,1000,PO01,B01,V100090,2026-06-15,EUR,F,NB,Closed
45100492,1000,PO01,B04,V100075,2025-04-14,EUR,F,NB,Closed
45100493,2000,PO02,B05,V100034,2025-08-31,USD,F,NB,Cancelled
45100494,2000,PO02,B02,V100064,2026-03-11,MXN,F,NB,Closed
45100495,2000,PO02,B04,V100036,2026-04-07,CNY,F,NB,Pending Approval
45100496,3000,PO03,B01,V100093,2025-10-04,USD,F,NB,Closed
45100497,2000,PO02,B02,V100095,2025-06-03,MXN,F,NB,Draft
45100498,2000,PO02,B02,V100081,2026-06-14,EUR,F,NB,Approved
45100499,2000,PO02,B03,V100072,2026-08-05,INR,F,NB,Pending Approval
45100500,1000,PO01,B02,V100033,2026-05-03,EUR,F,NB,Pending Approval
45100501,3000,PO03,B03,V100047,2026-01-04,EUR,F,NB,Cancelled
45100502,2000,PO02,B01,V100053,2025-05-05,GBP,F,NB,Closed
45100503,3000,PO03,B05,V100074,2026-07-06,BRL,F,NB,Closed
45100504,2000,PO02,B05,V100063,2026-04-03,GBP,F,FO,Approved
45100505,2000,PO02,B02,V100022,2025-12-12,GBP,F,NB,Closed
45100506,2000,PO02,B01,V100021,2025-12-18,USD,F,NB,Approved
45100507,2000,PO02,B05,V100083,2026-02-09,CNY,F,NB,Rejected
45100508,2000,PO02,B04,V100022,2025-07-08,GBP,F,FO,Pending Approval
45100509,1000,PO01,B01,V100027,2025-06-20,CNY,F,NB,Pending Approval
45100510,2000,PO02,B01,V100099,2026-02-11,MXN,F,NB,Cancelled
45100511,1000,PO01,B05,V100020,2025-03-28,CAD,F,NB,Closed
45100512,2000,PO02,B02,V100095,2025-10-18,MXN,F,NB,Pending Approval
45100513,3000,PO03,B01,V100005,2026-01-01,USD,F,FO,Approved
45100514,2000,PO02,B05,V100035,2026-07-16,CNY,F,NB,Cancelled
45100515,3000,PO03,B05,V100077,2026-04-13,CNY,F,NB,Closed
45100516,3000,PO03,B05,V100082,2026-07-01,EUR,F,NB,Approved
45100517,3000,PO03,B01,V100057,2025-11-12,MXN,F,NB,Approved
45100518,2000,PO02,B01,V100067,2025-05-20,MXN,F,NB,Closed
45100519,1000,PO01,B04,V100039,2025-01-10,JPY,F,NB,Closed
45100520,3000,PO03,B01,V100071,2026-01-18,JPY,F,NB,Closed
45100521,2000,PO02,B02,V100021,2026-02-04,USD,F,NB,Approved
45100522,1000,PO01,B02,V100067,2025-10-06,MXN,F,NB,Closed
45100523,2000,PO02,B02,V100009,2025-07-06,MXN,F,NB,Pending Approval
45100524,2000,PO02,B03,V100090,2026-05-19,EUR,F,NB,Draft
45100525,1000,PO01,B02,V100014,2025-10-16,EUR,F,NB,Closed
45100526,3000,PO03,B02,V100012,2025-06-04,EUR,F,NB,Approved
45100527,2000,PO02,B04,V100048,2026-04-20,MXN,F,NB,Pending Approval
45100528,1000,PO01,B01,V100035,2026-02-06,CNY,F,NB,Closed
45100529,1000,PO01,B04,V100002,2025-05-05,CAD,F,ZBL,Closed
45100530,2000,PO02,B02,V100095,2025-02-04,MXN,F,NB,Closed
45100531,1000,PO01,B04,V100050,2025-11-16,EUR,F,FO,Approved
45100532,3000,PO03,B05,V100067,2025-05-06,MXN,F,NB,Closed
45100533,1000,PO01,B01,V100086,2025-08-12,EUR,F,ZBL,Approved
45100534,2000,PO02,B01,V100022,2025-10-10,GBP,F,NB,Approved
45100535,1000,PO01,B01,V100075,2026-05-02,EUR,F,NB,Approved
45100536,1000,PO01,B02,V100064,2025-04-04,MXN,F,NB,Approved
45100537,3000,PO03,B01,V100046,2025-06-07,JPY,F,NB,Closed
45100538,1000,PO01,B02,V100041,2026-07-26,JPY,F,NB,Closed
45100539,2000,PO02,B01,V100089,2026-01-22,USD,F,NB,Pending Approval
45100540,1000,PO01,B04,V100072,2025-10-29,INR,F,NB,Closed
45100541,3000,PO03,B05,V100045,2025-11-28,MXN,F,NB,Approved
45100542,3000,PO03,B01,V100068,2025-06-08,EUR,F,NB,Closed
45100543,3000,PO03,B04,V100001,2026-06-03,EUR,F,NB,Approved
45100544,1000,PO01,B05,V100031,2025-11-25,GBP,F,NB,Closed
45100545,3000,PO03,B02,V100068,2026-05-25,EUR,F,NB,Approved
45100546,2000,PO02,B04,V100083,2025-11-26,CNY,F,NB,Closed
45100547,1000,PO01,B02,V100023,2025-02-02,CAD,F,NB,Closed
45100548,1000,PO01,B05,V100083,2026-02-02,CNY,F,NB,Closed
45100549,3000,PO03,B01,V100047,2025-08-15,EUR,F,NB,Pending Approval
45100550,1000,PO01,B01,V100060,2025-03-04,CNY,F,NB,Closed
45100551,2000,PO02,B01,V100079,2025-09-30,EUR,F,NB,Closed
45100552,2000,PO02,B02,V100067,2025-04-10,MXN,F,NB,Approved
45100553,2000,PO02,B02,V100068,2025-09-12,EUR,F,NB,Cancelled
45100554,3000,PO03,B01,V100099,2026-08-14,MXN,F,NB,Closed
45100555,3000,PO03,B01,V100022,2025-07-04,GBP,F,NB,Closed
45100556,3000,PO03,B05,V100077,2026-03-30,CNY,F,FO,Cancelled
45100557,3000,PO03,B03,V100053,2026-03-17,GBP,F,NB,Approved
45100558,1000,PO01,B04,V100099,2026-07-18,MXN,F,FO,Approved
45100559,2000,PO02,B04,V100001,2025-02-05,EUR,F,ZBL,Closed
45100560,3000,PO03,B03,V100001,2025-11-04,EUR,F,ZBL,Approved
45100561,2000,PO02,B03,V100071,2026-06-08,JPY,F,NB,Cancelled
45100562,1000,PO01,B01,V100059,2025-12-31,CNY,F,NB,Approved
45100563,3000,PO03,B02,V100033,2025-11-04,EUR,F,NB,Approved
45100564,1000,PO01,B03,V100062,2025-06-27,CAD,F,NB,Closed
45100565,3000,PO03,B05,V100083,2025-11-04,CNY,F,NB,Closed
45100566,2000,PO02,B01,V100099,2025-12-09,MXN,F,NB,Closed
45100567,2000,PO02,B02,V100096,2025-01-12,USD,F,NB,Closed
45100568,1000,PO01,B05,V100006,2025-11-23,MXN,F,NB,Pending Approval
45100569,3000,PO03,B02,V100007,2026-02-07,BRL,F,ZBL,Closed
45100570,3000,PO03,B02,V100056,2025-10-24,MXN,F,NB,Pending Approval
45100571,2000,PO02,B04,V100074,2025-02-20,BRL,F,NB,Approved
45100572,2000,PO02,B02,V100098,2025-05-19,EUR,F,NB,Approved
45100573,2000,PO02,B05,V100079,2026-06-21,EUR,F,NB,Pending Approval
45100574,2000,PO02,B05,V100012,2025-04-26,EUR,F,NB,Rejected
45100575,2000,PO02,B03,V100045,2025-01-25,MXN,F,NB,Approved
45100576,2000,PO02,B05,V100019,2026-03-28,CAD,F,NB,Closed
45100577,1000,PO01,B02,V100097,2025-03-29,BRL,F,NB,Pending Approval
45100578,3000,PO03,B03,V100002,2025-12-18,CAD,F,NB,Pending Approval
45100579,2000,PO02,B01,V100043,2025-08-03,BRL,F,NB,Approved
45100580,3000,PO03,B05,V100062,2025-05-25,CAD,F,NB,Closed
45100581,2000,PO02,B03,V100022,2025-03-03,GBP,F,NB,Closed
45100582,3000,PO03,B01,V100060,2025-01-09,CNY,F,NB,Closed
45100583,3000,PO03,B01,V100003,2025-10-27,CNY,F,FO,Closed
45100584,1000,PO01,B05,V100091,2025-04-12,EUR,F,FO,Closed
45100585,3000,PO03,B02,V100026,2026-05-28,CAD,F,ZBL,Closed
45100586,3000,PO03,B01,V100032,2026-06-27,BRL,F,NB,Closed
45100587,3000,PO03,B01,V100045,2025-12-27,MXN,F,NB,Approved
45100588,3000,PO03,B01,V100081,2025-09-21,EUR,F,FO,Closed
45100589,1000,PO01,B02,V100020,2025-12-16,CAD,F,FO,Closed
45100590,1000,PO01,B05,V100087,2025-08-21,JPY,F,NB,Closed
45100591,2000,PO02,B05,V100043,2026-04-05,BRL,F,NB,Approved
45100592,1000,PO01,B02,V100040,2026-06-21,USD,F,FO,Rejected
45100593,1000,PO01,B03,V100009,2026-07-25,MXN,F,NB,Closed
45100594,1000,PO01,B02,V100094,2025-01-31,INR,F,NB,Closed
45100595,2000,PO02,B03,V100057,2025-10-08,MXN,F,NB,Approved
45100596,1000,PO01,B01,V100098,2025-10-01,EUR,F,NB,Closed
45100597,3000,PO03,B02,V100088,2025-01-27,INR,F,NB,Closed
45100598,2000,PO02,B05,V100078,2026-04-26,CAD,F,NB,Approved
45100599,2000,PO02,B04,V100018,2025-06-17,EUR,F,NB,Pending Approval
45100600,1000,PO01,B04,V100029,2025-07-27,BRL,F,NB,Pending Approval
45100601,2000,PO02,B03,V100059,2025-09-10,CNY,F,NB,Closed
45100602,3000,PO03,B03,V100051,2026-08-09,GBP,F,NB,Closed
45100603,3000,PO03,B05,V100014,2026-04-08,EUR,F,NB,Closed
45100604,1000,PO01,B01,V100072,2026-02-01,INR,F,NB,Closed
45100605,1000,PO01,B03,V100057,2026-02-12,MXN,F,FO,Closed
45100606,2000,PO02,B02,V100055,2025-10-29,INR,F,NB,Pending Approval
45100607,3000,PO03,B04,V100083,2026-04-08,CNY,F,NB,Closed
45100608,1000,PO01,B04,V100053,2025-11-28,GBP,F,NB,Approved
45100609,3000,PO03,B04,V100012,2025-09-14,EUR,F,NB,Closed
45100610,3000,PO03,B01,V100012,2025-04-27,EUR,F,NB,Closed
45100611,1000,PO01,B05,V100079,2025-06-13,EUR,F,NB,Approved
45100612,1000,PO01,B05,V100085,2025-06-03,BRL,F,NB,Pending Approval
45100613,3000,PO03,B04,V100040,2025-11-13,USD,F,NB,Cancelled
45100614,2000,PO02,B01,V100017,2025-07-27,INR,F,NB,Closed
45100615,1000,PO01,B04,V100064,2026-07-11,MXN,F,NB,Closed
45100616,2000,PO02,B02,V100076,2026-05-03,EUR,F,NB,Rejected
45100617,3000,PO03,B02,V100071,2025-10-12,JPY,F,NB,Closed
45100618,1000,PO01,B02,V100019,2025-02-26,CAD,F,NB,Pending Approval
45100619,1000,PO01,B03,V100012,2025-02-20,EUR,F,NB,Cancelled
45100620,1000,PO01,B05,V100085,2026-08-10,BRL,F,NB,Approved
45100621,2000,PO02,B01,V100012,2025-11-03,EUR,F,NB,Closed
45100622,1000,PO01,B05,V100009,2025-10-27,MXN,F,NB,Pending Approval
45100623,2000,PO02,B05,V100053,2026-06-22,GBP,F,NB,Approved
45100624,1000,PO01,B05,V100094,2026-06-26,INR,F,ZBL,Closed
45100625,3000,PO03,B04,V100078,2025-11-21,CAD,F,NB,Closed
45100626,3000,PO03,B02,V100079,2026-07-31,EUR,F,NB,Closed
45100627,2000,PO02,B02,V100079,2025-08-27,EUR,F,NB,Cancelled
45100628,1000,PO01,B01,V100060,2025-05-01,CNY,F,NB,Approved
45100629,3000,PO03,B04,V100006,2025-12-08,MXN,F,NB,Closed
45100630,1000,PO01,B02,V100089,2025-10-16,USD,F,NB,Pending Approval
45100631,2000,PO02,B01,V100015,2025-12-08,JPY,F,NB,Closed
45100632,3000,PO03,B02,V100025,2025-12-05,EUR,F,NB,Cancelled
45100633,2000,PO02,B01,V100083,2025-05-20,CNY,F,NB,Closed
45100634,3000,PO03,B04,V100053,2025-02-27,GBP,F,NB,Approved
45100635,3000,PO03,B05,V100069,2025-01-20,EUR,F,NB,Closed
45100636,2000,PO02,B02,V100036,2025-02-01,CNY,F,NB,Approved
45100637,3000,PO03,B05,V100078,2026-02-03,CAD,F,NB,Pending Approval
45100638,2000,PO02,B01,V100035,2026-02-28,CNY,F,NB,Closed
45100639,2000,PO02,B03,V100028,2026-06-22,CAD,F,NB,Pending Approval
45100640,1000,PO01,B01,V100057,2026-06-03,MXN,F,NB,Closed
45100641,3000,PO03,B02,V100044,2026-05-11,BRL,F,NB,Closed
45100642,2000,PO02,B01,V100067,2025-05-16,MXN,F,NB,Pending Approval
45100643,2000,PO02,B01,V100040,2025-02-15,USD,F,NB,Closed
45100644,1000,PO01,B04,V100006,2025-04-16,MXN,F,NB,Closed
45100645,2000,PO02,B05,V100098,2025-11-16,EUR,F,NB,Approved
45100646,1000,PO01,B03,V100036,2026-06-30,CNY,F,NB,Rejected
45100647,1000,PO01,B02,V100021,2025-10-08,USD,F,NB,Cancelled
45100648,3000,PO03,B02,V100070,2025-12-25,GBP,F,NB,Approved
45100649,3000,PO03,B05,V100032,2025-06-25,BRL,F,NB,Closed
45100650,2000,PO02,B01,V100017,2025-01-30,INR,F,NB,Closed
45100651,1000,PO01,B01,V100012,2026-03-13,EUR,F,NB,Closed
45100652,3000,PO03,B05,V100046,2025-11-16,JPY,F,NB,Approved
45100653,3000,PO03,B04,V100073,2025-05-15,CNY,F,NB,Closed
45100654,3000,PO03,B01,V100059,2025-11-14,CNY,F,NB,Closed
45100655,2000,PO02,B02,V100029,2025-05-28,BRL,F,FO,Closed
45100656,2000,PO02,B02,V100090,2025-12-05,EUR,F,NB,Closed
45100657,2000,PO02,B01,V100009,2026-05-02,MXN,F,NB,Closed
45100658,1000,PO01,B03,V100078,2026-08-12,CAD,F,NB,Pending Approval
45100659,3000,PO03,B03,V100072,2025-03-14,INR,F,NB,Closed
45100660,2000,PO02,B02,V100080,2025-09-07,CNY,F,NB,Cancelled
45100661,2000,PO02,B03,V100027,2026-03-18,CNY,F,NB,Rejected
45100662,2000,PO02,B02,V100085,2025-03-21,BRL,F,NB,Closed
45100663,2000,PO02,B05,V100077,2026-04-20,CNY,F,NB,Pending Approval
45100664,2000,PO02,B03,V100052,2025-03-13,GBP,F,NB,Closed
45100665,3000,PO03,B03,V100064,2025-03-04,MXN,F,NB,Closed
45100666,3000,PO03,B02,V100085,2025-06-02,BRL,F,NB,Approved
45100667,3000,PO03,B02,V100027,2025-11-21,CNY,F,NB,Closed
45100668,3000,PO03,B04,V100092,2025-12-19,CAD,F,ZBL,Closed
45100669,3000,PO03,B02,V100038,2025-03-05,EUR,F,NB,Closed
45100670,1000,PO01,B05,V100046,2025-04-23,JPY,F,FO,Closed
45100671,1000,PO01,B05,V100051,2025-11-22,GBP,F,NB,Rejected
45100672,2000,PO02,B02,V100061,2025-05-23,CNY,F,NB,Approved
45100673,2000,PO02,B02,V100037,2025-05-09,USD,F,NB,Pending Approval
45100674,1000,PO01,B04,V100085,2026-03-24,BRL,F,ZBL,Pending Approval
45100675,1000,PO01,B04,V100090,2026-03-12,EUR,F,NB,Closed
45100676,2000,PO02,B04,V100046,2025-08-20,JPY,F,NB,Closed
45100677,3000,PO03,B02,V100092,2026-05-29,CAD,F,NB,Cancelled
45100678,3000,PO03,B01,V100005,2026-08-05,USD,F,NB,Approved
45100679,3000,PO03,B01,V100019,2026-06-24,CAD,F,ZBL,Cancelled
45100680,2000,PO02,B05,V100011,2026-06-20,MXN,F,FO,Pending Approval
45100681,2000,PO02,B05,V100075,2025-11-16,EUR,F,NB,Cancelled
45100682,3000,PO03,B04,V100059,2026-06-09,CNY,F,FO,Closed
45100683,2000,PO02,B03,V100038,2025-10-24,EUR,F,NB,Closed
45100684,3000,PO03,B05,V100034,2025-03-04,USD,F,NB,Closed
45100685,3000,PO03,B03,V100095,2025-01-28,MXN,F,NB,Pending Approval
45100686,3000,PO03,B03,V100033,2025-05-16,EUR,F,NB,Approved
45100687,2000,PO02,B01,V100078,2025-06-28,CAD,F,FO,Closed
45100688,3000,PO03,B03,V100023,2025-09-25,CAD,F,NB,Approved
45100689,1000,PO01,B03,V100011,2025-05-29,MXN,F,NB,Closed
45100690,2000,PO02,B04,V100031,2026-03-27,GBP,F,NB,Approved
45100691,3000,PO03,B01,V100083,2025-09-28,CNY,F,NB,Pending Approval
45100692,1000,PO01,B04,V100061,2025-11-05,CNY,F,NB,Cancelled
45100693,3000,PO03,B04,V100088,2026-02-04,INR,F,NB,Pending Approval
45100694,2000,PO02,B03,V100058,2026-01-27,INR,F,NB,Cancelled
45100695,3000,PO03,B01,V100069,2025-12-29,EUR,F,ZBL,Rejected
45100696,3000,PO03,B03,V100035,2025-10-01,CNY,F,NB,Approved
45100697,3000,PO03,B04,V100099,2025-09-05,MXN,F,NB,Closed
45100698,1000,PO01,B02,V100041,2026-07-15,JPY,F,NB,Draft
45100699,1000,PO01,B04,V100013,2026-06-22,CAD,F,NB,Rejected
45100700,1000,PO01,B03,V100025,2025-02-04,EUR,F,NB,Pending Approval
45100701,3000,PO03,B05,V100082,2025-05-05,EUR,F,NB,Pending Approval
45100702,3000,PO03,B04,V100085,2026-08-03,BRL,F,NB,Approved
45100703,1000,PO01,B03,V100038,2026-04-24,EUR,F,NB,Pending Approval
45100704,2000,PO02,B04,V100089,2025-11-28,USD,F,NB,Closed
45100705,2000,PO02,B04,V100050,2025-12-07,EUR,F,ZBL,Approved
45100706,2000,PO02,B04,V100009,2026-05-19,MXN,F,ZBL,Approved
45100707,2000,PO02,B04,V100014,2025-05-28,EUR,F,NB,Rejected
45100708,3000,PO03,B04,V100092,2025-09-23,CAD,F,NB,Pending Approval
45100709,3000,PO03,B04,V100003,2026-05-25,CNY,F,NB,Closed
45100710,1000,PO01,B03,V100020,2025-12-04,CAD,F,FO,Closed
45100711,3000,PO03,B04,V100056,2026-02-18,MXN,F,NB,Closed
45100712,1000,PO01,B01,V100050,2026-05-09,EUR,F,NB,Closed
45100713,2000,PO02,B03,V100052,2025-02-26,GBP,F,NB,Cancelled
45100714,1000,PO01,B05,V100044,2025-03-24,BRL,F,NB,Closed
45100715,2000,PO02,B02,V100071,2025-02-10,JPY,F,ZBL,Closed
45100716,2000,PO02,B01,V100081,2026-01-03,EUR,F,NB,Closed
45100717,2000,PO02,B02,V100005,2025-07-17,USD,F,NB,Cancelled
45100718,1000,PO01,B04,V100009,2026-07-08,MXN,F,NB,Closed
45100719,2000,PO02,B01,V100044,2025-02-27,BRL,F,NB,Closed
45100720,2000,PO02,B02,V100084,2026-06-20,USD,F,NB,Closed
45100721,3000,PO03,B05,V100030,2025-03-15,USD,F,NB,Pending Approval
45100722,3000,PO03,B04,V100080,2025-02-16,CNY,F,NB,Closed
45100723,1000,PO01,B01,V100040,2025-04-10,USD,F,NB,Approved
45100724,3000,PO03,B01,V100015,2026-05-25,JPY,F,NB,Closed
45100725,1000,PO01,B04,V100044,2026-02-16,BRL,F,NB,Cancelled
45100726,3000,PO03,B03,V100028,2025-02-16,CAD,F,NB,Approved
45100727,1000,PO01,B02,V100097,2026-03-02,BRL,F,NB,Approved
45100728,1000,PO01,B02,V100075,2025-02-11,EUR,F,NB,Closed
45100729,3000,PO03,B02,V100003,2026-05-14,CNY,F,NB,Draft
45100730,1000,PO01,B04,V100089,2026-05-03,USD,F,NB,Approved
45100731,3000,PO03,B05,V100058,2026-02-26,INR,F,NB,Approved
45100732,3000,PO03,B05,V100024,2026-05-27,MXN,F,NB,Pending Approval
45100733,2000,PO02,B04,V100001,2026-07-26,EUR,F,NB,Pending Approval
45100734,3000,PO03,B05,V100047,2026-07-07,EUR,F,NB,Closed
45100735,3000,PO03,B03,V100007,2025-07-18,BRL,F,NB,Pending Approval
45100736,2000,PO02,B02,V100021,2025-02-14,USD,F,NB,Approved
45100737,1000,PO01,B03,V100043,2026-04-10,BRL,F,NB,Closed
45100738,3000,PO03,B02,V100004,2026-05-12,CAD,F,NB,Pending Approval
45100739,1000,PO01,B05,V100075,2025-11-30,EUR,F,NB,Closed
45100740,2000,PO02,B01,V100042,2025-08-22,INR,F,NB,Closed
45100741,1000,PO01,B02,V100010,2026-04-28,GBP,F,NB,Pending Approval
45100742,2000,PO02,B02,V100079,2026-04-11,EUR,F,NB,Approved
45100743,2000,PO02,B03,V100035,2025-07-27,CNY,F,NB,Pending Approval
45100744,3000,PO03,B03,V100018,2025-04-24,EUR,F,FO,Closed
45100745,1000,PO01,B02,V100038,2025-06-10,EUR,F,NB,Closed
45100746,3000,PO03,B05,V100071,2025-08-24,JPY,F,NB,Closed
45100747,2000,PO02,B05,V100061,2026-04-19,CNY,F,NB,Closed
45100748,3000,PO03,B02,V100042,2026-03-21,INR,F,NB,Closed
45100749,3000,PO03,B05,V100001,2026-03-04,EUR,F,ZBL,Pending Approval
45100750,2000,PO02,B04,V100068,2026-02-08,EUR,F,NB,Closed
45100751,1000,PO01,B04,V100031,2025-03-27,GBP,F,NB,Draft
45100752,3000,PO03,B02,V100017,2026-01-03,INR,F,NB,Closed
45100753,1000,PO01,B04,V100086,2025-11-09,EUR,F,NB,Closed
45100754,3000,PO03,B04,V100060,2025-05-22,CNY,F,FO,Rejected
45100755,2000,PO02,B01,V100081,2025-03-14,EUR,F,NB,Closed
45100756,3000,PO03,B03,V100055,2025-10-04,INR,F,NB,Closed
45100757,3000,PO03,B01,V100080,2025-12-10,CNY,F,NB,Pending Approval
45100758,3000,PO03,B01,V100015,2026-01-28,JPY,F,NB,Closed
45100759,2000,PO02,B02,V100083,2026-07-27,CNY,F,NB,Closed
45100760,1000,PO01,B03,V100031,2026-07-07,GBP,F,NB,Closed
45100761,3000,PO03,B02,V100042,2025-12-28,INR,F,FO,Closed
45100762,2000,PO02,B01,V100009,2026-01-17,MXN,F,NB,Closed
45100763,3000,PO03,B04,V100091,2026-06-29,EUR,F,NB,Closed
45100764,2000,PO02,B05,V100048,2025-03-09,MXN,F,NB,Closed
45100765,1000,PO01,B04,V100023,2025-10-23,CAD,F,ZBL,Pending Approval
45100766,1000,PO01,B01,V100090,2025-06-01,EUR,F,NB,Closed
45100767,3000,PO03,B03,V100054,2026-07-09,INR,F,FO,Closed
45100768,2000,PO02,B01,V100038,2025-07-13,EUR,F,NB,Closed
45100769,1000,PO01,B04,V100075,2025-12-18,EUR,F,NB,Closed
45100770,2000,PO02,B04,V100039,2026-08-04,JPY,F,NB,Closed
45100771,1000,PO01,B02,V100062,2026-01-16,CAD,F,ZBL,Closed
45100772,1000,PO01,B03,V100037,2026-04-12,USD,F,ZBL,Closed
45100773,1000,PO01,B02,V100023,2025-06-07,CAD,F,NB,Pending Approval
45100774,2000,PO02,B04,V100034,2026-01-14,USD,F,NB,Closed
45100775,1000,PO01,B03,V100019,2026-01-17,CAD,F,NB,Cancelled
45100776,3000,PO03,B01,V100004,2026-02-19,CAD,F,FO,Closed
45100777,2000,PO02,B02,V100001,2026-07-14,EUR,F,ZBL,Approved
45100778,3000,PO03,B04,V100038,2026-08-11,EUR,F,NB,Closed
45100779,3000,PO03,B03,V100089,2025-04-26,USD,F,NB,Cancelled
45100780,1000,PO01,B03,V100004,2026-02-16,CAD,F,NB,Approved
45100781,2000,PO02,B03,V100008,2025-07-19,EUR,F,NB,Approved
45100782,2000,PO02,B01,V100011,2026-07-06,MXN,F,NB,Closed
45100783,1000,PO01,B02,V100063,2025-11-22,GBP,F,NB,Closed
45100784,1000,PO01,B04,V100019,2026-03-14,CAD,F,NB,Approved
45100785,2000,PO02,B03,V100040,2026-04-02,USD,F,FO,Pending Approval
45100786,3000,PO03,B04,V100057,2025-10-23,MXN,F,NB,Closed
45100787,2000,PO02,B02,V100076,2025-03-30,EUR,F,NB,Approved
45100788,3000,PO03,B01,V100076,2026-01-20,EUR,F,NB,Rejected
45100789,2000,PO02,B02,V100072,2026-04-19,INR,F,NB,Closed
45100790,1000,PO01,B02,V100049,2025-10-24,CAD,F,NB,Pending Approval
45100791,2000,PO02,B04,V100072,2026-04-20,INR,F,NB,Closed
45100792,1000,PO01,B03,V100082,2026-04-29,EUR,F,NB,Closed
45100793,2000,PO02,B02,V100063,2025-09-08,GBP,F,NB,Closed
45100794,2000,PO02,B05,V100096,2026-01-06,USD,F,NB,Closed
45100795,2000,PO02,B01,V100048,2026-06-09,MXN,F,NB,Draft
45100796,2000,PO02,B05,V100008,2025-05-30,EUR,F,NB,Closed
45100797,1000,PO01,B02,V100007,2025-10-07,BRL,F,NB,Closed
45100798,2000,PO02,B03,V100038,2026-06-27,EUR,F,NB,Pending Approval
45100799,1000,PO01,B01,V100077,2025-06-21,CNY,F,NB,Closed
45100800,3000,PO03,B03,V100088,2026-01-07,INR,F,NB,Closed
45100801,1000,PO01,B02,V100067,2025-10-16,MXN,F,NB,Closed
45100802,2000,PO02,B01,V100028,2025-06-08,CAD,F,NB,Closed
45100803,3000,PO03,B04,V100059,2025-03-20,CNY,F,NB,Pending Approval
45100804,1000,PO01,B03,V100040,2026-01-07,USD,F,NB,Rejected
45100805,3000,PO03,B02,V100091,2025-11-08,EUR,F,NB,Closed
45100806,1000,PO01,B02,V100089,2025-08-21,USD,F,NB,Approved
45100807,1000,PO01,B01,V100010,2025-01-20,GBP,F,NB,Closed
45100808,1000,PO01,B01,V100005,2026-06-10,USD,F,NB,Closed
45100809,2000,PO02,B01,V100039,2025-01-11,JPY,F,NB,Closed
45100810,3000,PO03,B05,V100026,2025-07-09,CAD,F,NB,Draft
45100811,1000,PO01,B05,V100045,2025-12-27,MXN,F,NB,Closed
45100812,3000,PO03,B05,V100073,2025-03-11,CNY,F,NB,Closed
45100813,1000,PO01,B02,V100037,2025-06-25,USD,F,FO,Closed
45100814,3000,PO03,B02,V100065,2026-05-02,BRL,F,NB,Closed
45100815,2000,PO02,B02,V100046,2026-01-24,JPY,F,NB,Closed
45100816,2000,PO02,B03,V100016,2026-04-23,CAD,F,NB,Pending Approval
45100817,2000,PO02,B05,V100093,2025-02-11,USD,F,NB,Closed
45100818,2000,PO02,B04,V100077,2025-11-16,CNY,F,NB,Closed
45100819,1000,PO01,B03,V100055,2025-07-13,INR,F,FO,Closed
45100820,2000,PO02,B02,V100002,2026-05-19,CAD,F,NB,Approved
45100821,3000,PO03,B01,V100019,2026-02-09,CAD,F,NB,Closed
45100822,1000,PO01,B01,V100047,2025-07-23,EUR,F,NB,Closed
45100823,2000,PO02,B02,V100055,2026-05-27,INR,F,NB,Closed
45100824,3000,PO03,B04,V100046,2026-05-03,JPY,F,NB,Cancelled
45100825,2000,PO02,B02,V100099,2026-04-11,MXN,F,NB,Approved
45100826,2000,PO02,B02,V100004,2025-04-12,CAD,F,NB,Closed
45100827,2000,PO02,B02,V100049,2025-12-01,CAD,F,NB,Closed
45100828,1000,PO01,B05,V100099,2026-05-20,MXN,F,NB,Approved
45100829,3000,PO03,B04,V100065,2025-09-25,BRL,F,NB,Closed
45100830,3000,PO03,B01,V100056,2025-05-02,MXN,F,NB,Approved
45100831,2000,PO02,B04,V100005,2025-02-03,USD,F,NB,Closed
45100832,2000,PO02,B04,V100056,2025-05-18,MXN,F,NB,Approved
45100833,1000,PO01,B05,V100088,2026-07-07,INR,F,NB,Closed
45100834,1000,PO01,B04,V100034,2026-05-22,USD,F,NB,Approved
45100835,3000,PO03,B03,V100042,2025-03-04,INR,F,NB,Pending Approval
45100836,2000,PO02,B05,V100004,2025-12-16,CAD,F,NB,Rejected
45100837,2000,PO02,B03,V100008,2025-09-08,EUR,F,NB,Closed
45100838,3000,PO03,B01,V100040,2025-04-28,USD,F,NB,Draft
45100839,2000,PO02,B04,V100085,2026-03-09,BRL,F,NB,Cancelled
45100840,2000,PO02,B04,V100076,2025-01-23,EUR,F,ZBL,Approved
45100841,2000,PO02,B05,V100013,2026-05-16,CAD,F,NB,Closed
45100842,2000,PO02,B05,V100098,2025-12-14,EUR,F,NB,Approved
45100843,2000,PO02,B04,V100082,2025-03-19,EUR,F,NB,Closed
45100844,2000,PO02,B01,V100039,2026-08-11,JPY,F,NB,Approved
45100845,3000,PO03,B05,V100013,2025-12-11,CAD,F,NB,Closed
45100846,3000,PO03,B04,V100027,2025-12-22,CNY,F,NB,Closed
45100847,2000,PO02,B04,V100085,2026-07-07,BRL,F,NB,Rejected
45100848,2000,PO02,B05,V100024,2025-01-20,MXN,F,NB,Closed
45100849,1000,PO01,B02,V100085,2026-04-24,BRL,F,NB,Closed
45100850,3000,PO03,B05,V100094,2025-03-03,INR,F,NB,Approved
45100851,1000,PO01,B02,V100096,2025-11-04,USD,F,NB,Rejected
45100852,1000,PO01,B04,V100035,2025-10-21,CNY,F,NB,Approved
45100853,3000,PO03,B04,V100031,2025-04-27,GBP,F,NB,Draft
45100854,2000,PO02,B04,V100072,2026-03-23,INR,F,NB,Cancelled
45100855,1000,PO01,B03,V100018,2025-01-30,EUR,F,NB,Closed
45100856,3000,PO03,B01,V100093,2026-05-13,USD,F,NB,Pending Approval
45100857,1000,PO01,B05,V100039,2025-03-07,JPY,F,FO,Rejected
45100858,2000,PO02,B04,V100093,2025-05-24,USD,F,NB,Closed
45100859,3000,PO03,B05,V100086,2026-08-18,EUR,F,FO,Cancelled
45100860,2000,PO02,B01,V100031,2025-05-06,GBP,F,NB,Approved
45100861,3000,PO03,B02,V100055,2025-08-12,INR,F,NB,Approved
45100862,2000,PO02,B04,V100033,2025-02-27,EUR,F,NB,Approved
45100863,1000,PO01,B05,V100055,2026-05-02,INR,F,NB,Cancelled
45100864,1000,PO01,B04,V100092,2026-01-12,CAD,F,NB,Draft
45100865,3000,PO03,B01,V100089,2025-09-03,USD,F,NB,Approved
45100866,3000,PO03,B01,V100069,2025-08-31,EUR,F,FO,Approved
45100867,2000,PO02,B03,V100012,2025-08-30,EUR,F,NB,Closed
45100868,1000,PO01,B03,V100099,2026-02-21,MXN,F,NB,Approved
45100869,1000,PO01,B04,V100095,2026-02-27,MXN,F,FO,Approved
45100870,2000,PO02,B02,V100090,2025-09-25,EUR,F,NB,Approved
45100871,3000,PO03,B04,V100089,2025-01-29,USD,F,NB,Closed
45100872,1000,PO01,B02,V100001,2026-02-15,EUR,F,NB,Approved
45100873,3000,PO03,B01,V100021,2025-09-13,USD,F,NB,Cancelled
45100874,3000,PO03,B05,V100088,2026-02-25,INR,F,NB,Approved
45100875,2000,PO02,B03,V100023,2025-12-02,CAD,F,NB,Approved
45100876,2000,PO02,B02,V100051,2026-01-22,GBP,F,FO,Closed
45100877,1000,PO01,B01,V100072,2025-08-23,INR,F,FO,Cancelled
45100878,1000,PO01,B02,V100007,2026-02-15,BRL,F,NB,Closed
45100879,1000,PO01,B03,V100022,2026-08-04,GBP,F,NB,Closed
45100880,2000,PO02,B04,V100016,2025-08-18,CAD,F,NB,Approved
45100881,2000,PO02,B04,V100049,2025-05-14,CAD,F,NB,Approved
45100882,1000,PO01,B02,V100054,2025-07-04,INR,F,NB,Pending Approval
45100883,2000,PO02,B02,V100080,2026-04-07,CNY,F,FO,Approved
45100884,3000,PO03,B01,V100002,2026-04-26,CAD,F,NB,Approved
45100885,3000,PO03,B02,V100092,2026-01-28,CAD,F,NB,Closed
45100886,2000,PO02,B01,V100072,2025-03-02,INR,F,NB,Cancelled
45100887,2000,PO02,B05,V100086,2025-02-16,EUR,F,NB,Closed
45100888,2000,PO02,B04,V100086,2026-01-15,EUR,F,NB,Closed
45100889,1000,PO01,B03,V100022,2026-05-31,GBP,F,NB,Approved
45100890,2000,PO02,B01,V100041,2026-06-28,JPY,F,NB,Approved
45100891,2000,PO02,B02,V100064,2025-10-15,MXN,F,NB,Cancelled
45100892,2000,PO02,B05,V100098,2025-09-28,EUR,F,NB,Rejected
45100893,1000,PO01,B04,V100098,2025-06-04,EUR,F,NB,Cancelled
45100894,3000,PO03,B01,V100025,2025-06-02,EUR,F,NB,Approved
45100895,2000,PO02,B02,V100091,2026-04-24,EUR,F,NB,Cancelled
45100896,2000,PO02,B04,V100046,2026-07-29,JPY,F,NB,Closed
45100897,3000,PO03,B01,V100045,2025-04-06,MXN,F,NB,Approved
45100898,1000,PO01,B05,V100085,2026-08-23,BRL,F,NB,Cancelled
45100899,1000,PO01,B04,V100010,2025-09-10,GBP,F,NB,Closed
45100900,2000,PO02,B03,V100088,2025-05-05,INR,F,NB,Closed
45100901,1000,PO01,B02,V100004,2025-03-25,CAD,F,NB,Closed
45100902,2000,PO02,B03,V100077,2025-01-06,CNY,F,NB,Pending Approval
45100903,3000,PO03,B03,V100094,2026-08-06,INR,F,NB,Closed
45100904,3000,PO03,B03,V100008,2025-03-14,EUR,F,NB,Closed
45100905,1000,PO01,B03,V100023,2025-09-03,CAD,F,ZBL,Closed
45100906,1000,PO01,B02,V100021,2026-02-02,USD,F,NB,Approved
45100907,3000,PO03,B01,V100039,2026-05-18,JPY,F,NB,Closed
45100908,2000,PO02,B03,V100086,2025-04-09,EUR,F,NB,Closed
45100909,2000,PO02,B04,V100061,2025-10-02,CNY,F,NB,Rejected
45100910,2000,PO02,B05,V100024,2026-03-21,MXN,F,NB,Pending Approval
45100911,3000,PO03,B04,V100087,2025-08-18,JPY,F,NB,Closed
45100912,2000,PO02,B03,V100060,2026-03-24,CNY,F,NB,Closed
45100913,2000,PO02,B02,V100088,2025-11-04,INR,F,NB,Closed
45100914,2000,PO02,B05,V100010,2025-02-16,GBP,F,NB,Closed
45100915,2000,PO02,B04,V100085,2026-08-06,BRL,F,NB,Approved
45100916,3000,PO03,B05,V100003,2025-04-27,CNY,F,NB,Closed
45100917,1000,PO01,B01,V100011,2026-03-03,MXN,F,FO,Approved
45100918,3000,PO03,B04,V100080,2025-09-29,CNY,F,NB,Cancelled
45100919,1000,PO01,B02,V100011,2025-09-23,MXN,F,FO,Pending Approval
45100920,3000,PO03,B01,V100051,2025-04-30,GBP,F,NB,Closed
45100921,2000,PO02,B05,V100093,2026-05-14,USD,F,NB,Closed
45100922,3000,PO03,B04,V100039,2025-03-31,JPY,F,NB,Draft
45100923,1000,PO01,B02,V100004,2025-08-03,CAD,F,NB,Pending Approval
45100924,1000,PO01,B05,V100025,2025-03-30,EUR,F,NB,Closed
45100925,2000,PO02,B01,V100015,2025-06-20,JPY,F,FO,Closed
45100926,2000,PO02,B04,V100003,2026-04-06,CNY,F,NB,Approved
45100927,3000,PO03,B01,V100043,2025-01-09,BRL,F,NB,Closed
45100928,2000,PO02,B04,V100095,2026-08-16,MXN,F,NB,Closed
45100929,2000,PO02,B04,V100052,2026-05-13,GBP,F,NB,Closed
45100930,3000,PO03,B02,V100092,2025-03-04,CAD,F,NB,Rejected
45100931,2000,PO02,B03,V100083,2026-03-04,CNY,F,FO,Pending Approval
45100932,3000,PO03,B04,V100090,2026-03-23,EUR,F,NB,Approved
45100933,1000,PO01,B03,V100057,2025-08-26,MXN,F,NB,Closed
45100934,3000,PO03,B05,V100092,2026-04-25,CAD,F,NB,Approved
45100935,3000,PO03,B04,V100087,2026-01-04,JPY,F,NB,Closed
45100936,1000,PO01,B03,V100089,2025-03-30,USD,F,NB,Pending Approval
45100937,1000,PO01,B05,V100063,2025-04-14,GBP,F,NB,Cancelled
45100938,2000,PO02,B02,V100027,2026-07-25,CNY,F,NB,Draft
45100939,2000,PO02,B02,V100023,2026-05-31,CAD,F,NB,Pending Approval
45100940,2000,PO02,B05,V100030,2025-05-04,USD,F,NB,Closed
45100941,2000,PO02,B01,V100099,2026-07-25,MXN,F,NB,Approved
45100942,3000,PO03,B01,V100057,2026-04-14,MXN,F,ZBL,Closed
45100943,1000,PO01,B05,V100006,2026-06-04,MXN,F,NB,Closed
45100944,1000,PO01,B02,V100094,2025-10-27,INR,F,NB,Closed
45100945,2000,PO02,B02,V100083,2026-01-08,CNY,F,NB,Pending Approval
45100946,1000,PO01,B04,V100099,2025-01-07,MXN,F,NB,Closed
45100947,2000,PO02,B05,V100022,2025-03-29,GBP,F,NB,Closed
45100948,2000,PO02,B02,V100020,2026-06-27,CAD,F,NB,Approved
45100949,2000,PO02,B04,V100059,2026-06-13,CNY,F,NB,Approved
45100950,1000,PO01,B02,V100099,2025-01-11,MXN,F,NB,Closed
45100951,1000,PO01,B03,V100041,2026-02-16,JPY,F,ZBL,Approved
45100952,1000,PO01,B01,V100085,2025-06-04,BRL,F,FO,Pending Approval
45100953,3000,PO03,B04,V100052,2026-07-21,GBP,F,FO,Closed
45100954,2000,PO02,B01,V100036,2026-06-25,CNY,F,NB,Pending Approval
45100955,2000,PO02,B02,V100070,2026-03-29,GBP,F,NB,Closed
45100956,3000,PO03,B02,V100039,2025-03-28,JPY,F,NB,Approved
45100957,3000,PO03,B05,V100070,2025-10-18,GBP,F,NB,Closed
45100958,2000,PO02,B02,V100003,2025-01-29,CNY,F,FO,Closed
45100959,2000,PO02,B03,V100093,2026-03-09,USD,F,ZBL,Pending Approval
45100960,1000,PO01,B03,V100081,2026-06-04,EUR,F,NB,Pending Approval
45100961,3000,PO03,B04,V100039,2026-08-10,JPY,F,NB,Closed
45100962,1000,PO01,B03,V100039,2025-10-19,JPY,F,NB,Closed
45100963,3000,PO03,B04,V100067,2025-09-11,MXN,F,NB,Closed
45100964,1000,PO01,B04,V100013,2025-05-31,CAD,F,NB,Closed
45100965,1000,PO01,B01,V100055,2025-05-14,INR,F,NB,Rejected
45100966,2000,PO02,B05,V100072,2026-06-16,INR,F,NB,Closed
45100967,3000,PO03,B04,V100057,2026-05-17,MXN,F,NB,Rejected
45100968,1000,PO01,B05,V100017,2026-05-12,INR,F,NB,Pending Approval
45100969,3000,PO03,B02,V100059,2026-04-30,CNY,F,NB,Approved
45100970,3000,PO03,B01,V100078,2026-02-23,CAD,F,NB,Approved
45100971,2000,PO02,B05,V100020,2025-05-01,CAD,F,NB,Cancelled
45100972,2000,PO02,B04,V100004,2025-05-27,CAD,F,NB,Closed
45100973,1000,PO01,B03,V100028,2025-07-07,CAD,F,NB,Closed
45100974,1000,PO01,B01,V100006,2026-03-04,MXN,F,NB,Approved
45100975,2000,PO02,B04,V100061,2025-05-16,CNY,F,NB,Closed
45100976,2000,PO02,B04,V100020,2025-11-30,CAD,F,NB,Closed
45100977,3000,PO03,B04,V100030,2026-02-09,USD,F,NB,Pending Approval
45100978,3000,PO03,B03,V100083,2025-04-01,CNY,F,FO,Closed
45100979,3000,PO03,B05,V100083,2025-05-07,CNY,F,NB,Pending Approval
45100980,3000,PO03,B05,V100067,2025-07-13,MXN,F,NB,Closed
45100981,1000,PO01,B05,V100024,2025-01-20,MXN,F,NB,Approved
45100982,3000,PO03,B01,V100069,2025-11-25,EUR,F,NB,Pending Approval
45100983,1000,PO01,B04,V100024,2026-03-01,MXN,F,NB,Closed
45100984,2000,PO02,B01,V100015,2025-04-12,JPY,F,NB,Approved
45100985,1000,PO01,B01,V100020,2025-11-11,CAD,F,ZBL,Closed
45100986,1000,PO01,B02,V100004,2025-03-01,CAD,F,NB,Pending Approval
45100987,1000,PO01,B03,V100034,2026-01-20,USD,F,FO,Closed
45100988,1000,PO01,B02,V100097,2026-08-24,BRL,F,NB,Closed
45100989,3000,PO03,B01,V100035,2025-03-04,CNY,F,NB,Closed
45100990,1000,PO01,B01,V100053,2025-08-28,GBP,F,FO,Draft
45100991,3000,PO03,B02,V100098,2026-07-23,EUR,F,NB,Pending Approval
45100992,3000,PO03,B04,V100011,2026-05-28,MXN,F,NB,Cancelled
45100993,2000,PO02,B02,V100069,2026-03-10,EUR,F,ZBL,Closed
45100994,1000,PO01,B04,V100080,2025-10-24,CNY,F,NB,Approved
45100995,1000,PO01,B03,V100077,2025-09-14,CNY,F,NB,Approved
45100996,2000,PO02,B05,V100066,2025-10-16,CAD,F,NB,Closed
45100997,3000,PO03,B03,V100012,2026-02-09,EUR,F,NB,Closed
45100998,3000,PO03,B04,V100027,2026-06-01,CNY,F,ZBL,Approved
45100999,3000,PO03,B03,V100097,2026-04-09,BRL,F,NB,Closed
45101000,2000,PO02,B02,V100059,2025-12-03,CNY,F,NB,Closed
