LIFNR,NAME1,LAND1,ORT01,PSTLZ,KTOKK,SPERR,LOEVM
V100001,Office GmbH 1,DE,Hamburg,39256,DOM1,,
V100002,Printing Supply Co 2,CA,Toronto,14165,DOM1,,X
V100003,Printing Corp 3,CN,Ningbo,83563,DOM1,,
V100004,IT Industries 4,CA,Vancouver,87236,INTL,,
V100005,Marketing Partners 5,US,Dallas,46421,DOM1,,
V100006,Raw Supply Co 6,MX,Monterrey,22676,INTL,,
V100007,Packaging Industries 7,BR,Curitiba,80284,DOM1,,
V100008,Chemical Group 8,FR,Lyon,92397,SRVC,,
V100009,IT Ltd 9,MX,Tijuana,16006,SRVC,,
V100010,IT Ltd 10,GB,Manchester,59823,INTL,,
V100011,Logistics Partners 11,MX,Monterrey,37460,SRVC,,
V100012,Chemical GmbH 12,DE,Munich,31417,INTL,,
V100013,Logistics Corp 13,CA,Toronto,40021,DOM1,,
V100014,Raw GmbH 14,FR,Marseille,84341,SRVC,,
V100015,Facilities Inc 15,JP,Nagoya,44718,DOM1,,
V100016,Office Supply Co 16,CA,Calgary,86484,INTL,,
V100017,Raw Corp 17,IN,Mumbai,24371,DOM1,,
V100018,Raw Supply Co 18,FR,Lille,60019,SRVC,,
V100019,Chemical Corp 19,CA,Vancouver,99166,SRVC,,
V100020,Logistics Ltd 20,CA,Vancouver,48469,INTL,,
V100021,Chemical Inc 21,US,Atlanta,76542,DOM1,,
V100022,Chemical GmbH 22,GB,Leeds,30032,INTL,,
V100023,Packaging Partners 23,CA,Calgary,74042,DOM1,,
V100024,IT Corp 24,MX,Guadalajara,41571,SRVC,,
V100025,Raw Inc 25,DE,Stuttgart,26828,SRVC,,
V100026,Office Supply Co 26,CA,Toronto,37760,SRVC,,
V100027,Office Supply Co 27,CN,Ningbo,98039,SRVC,,
V100028,Raw GmbH 28,CA,Vancouver,39451,DOM1,,
V100029,IT GmbH 29,BR,Recife,10942,DOM1,,
V100030,Raw Corp 30,US,Dallas,53309,DOM1,,
V100031,Facilities GmbH 31,GB,Leeds,80678,DOM1,,
V100032,Facilities GmbH 32,BR,Recife,71993,INTL,,
V100033,Logistics Supply Co 33,DE,Stuttgart,63883,INTL,,
V100034,Packaging Supply Co 34,US,Chicago,54473,DOM1,,
V100035,Facilities Inc 35,CN,Ningbo,65296,DOM1,,
V100036,Facilities Ltd 36,CN,Shenzhen,16630,SRVC,,
V100037,IT Inc 37,US,Chicago,63269,INTL,,
V100038,Contract Supply Co 38,FR,Lyon,10282,INTL,,
V100039,Marketing Industries 39,JP,Nagoya,30289,DOM1,,
V100040,Chemical Corp 40,US,Columbus,51104,DOM1,X,
V100041,Chemical Inc 41,JP,Yokohama,17455,SRVC,,X
V100042,Printing Ltd 42,IN,Chennai,98501,DOM1,,
V100043,Printing Corp 43,BR,Sao Paulo,91183,DOM1,,
V100044,Chemical Partners 44,BR,Recife,44179,DOM1,,
V100045,Office Supply Co 45,MX,Monterrey,27154,SRVC,,
V100046,Raw Corp 46,JP,Nagoya,70068,SRVC,,
V100047,Chemical GmbH 47,DE,Hamburg,76307,INTL,,
V100048,IT Partners 48,MX,Monterrey,47353,DOM1,,
V100049,Office Corp 49,CA,Calgary,97538,SRVC,,
V100050,Office Ltd 50,DE,Munich,24029,SRVC,,
V100051,Printing GmbH 51,GB,Birmingham,54942,DOM1,,
V100052,Facilities Group 52,GB,Leeds,16658,DOM1,,
V100053,Packaging Partners 53,GB,Manchester,27146,SRVC,,
V100054,Chemical Supply Co 54,IN,Mumbai,83519,DOM1,,
V100055,Logistics Inc 55,IN,Chennai,66333,DOM1,X,
V100056,Logistics GmbH 56,MX,Monterrey,99399,DOM1,,
V100057,Marketing Inc 57,MX,Tijuana,41029,DOM1,,
V100058,Packaging Inc 58,IN,Mumbai,53540,INTL,,
V100059,Contract Ltd 59,CN,Shanghai,60140,DOM1,,
V100060,Facilities Partners 60,CN,Shenzhen,50001,DOM1,,
V100061,Logistics Group 61,CN,Shanghai,19099,INTL,,
V100062,Chemical Partners 62,CA,Vancouver,13617,DOM1,,
V100063,Printing Group 63,GB,Manchester,15014,DOM1,,
V100064,Logistics Supply Co 64,MX,Tijuana,89457,SRVC,,
V100065,Office Corp 65,BR,Sao Paulo,67154,DOM1,,
V100066,IT Partners 66,CA,Calgary,66531,DOM1,,
V100067,Logistics Ltd 67,MX,Tijuana,49363,SRVC,,
V100068,Marketing Group 68,FR,Marseille,82667,DOM1,,
V100069,Contract Group 69,FR,Lille,63225,SRVC,,
V100070,IT Supply Co 70,GB,Birmingham,86019,SRVC,,
V100071,Facilities GmbH 71,JP,Nagoya,77000,INTL,,
V100072,Office Partners 72,IN,Chennai,22240,DOM1,,
V100073,Contract Corp 73,CN,Shenzhen,16057,DOM1,,
V100074,Facilities Supply Co 74,BR,Sao Paulo,92544,SRVC,,
V100075,Marketing GmbH 75,FR,Marseille,29342,SRVC,,
V100076,IT Inc 76,DE,Stuttgart,77889,INTL,X,
V100077,Facilities Inc 77,CN,Shenzhen,70901,SRVC,,
V100078,Logistics Industries 78,CA,Calgary,90301,SRVC,,
V100079,Facilities Inc 79,FR,Lille,72216,INTL,,
V100080,Office Industries 80,CN,Ningbo,92149,DOM1,,
V100081,IT Group 81,DE,Frankfurt,54020,INTL,,
V100082,Contract GmbH 82,DE,Munich,60205,SRVC,,
V100083,Marketing Supply Co 83,CN,Shenzhen,53369,SRVC,,
V100084,Marketing Supply Co 84,US,Dallas,86556,SRVC,X,
V100085,Facilities Corp 85,BR,Curitiba,56105,INTL,,
V100086,Chemical GmbH 86,FR,Lille,73993,DOM1,,
V100087,Marketing Partners 87,JP,Osaka,97670,SRVC,,
V100088,Contract Corp 88,IN,Mumbai,61645,SRVC,,
V100089,Marketing Inc 89,US,Chicago,70515,DOM1,X,
V100090,IT Industries 90,FR,Marseille,52840,INTL,,
V100091,Marketing Group 91,FR,Marseille,20735,INTL,X,
V100092,Logistics GmbH 92,CA,Toronto,95215,DOM1,,
V100093,IT GmbH 93,US,Chicago,12671,SRVC,,
V100094,Raw GmbH 94,IN,Mumbai,70952,SRVC,,
V100095,Printing Ltd 95,MX,Monterrey,31465,INTL,,
V100096,Printing Supply Co 96,US,Atlanta,61990,SRVC,,
V100097,IT Ltd 97,BR,Recife,49529,SRVC,,
V100098,Logistics Supply Co 98,DE,Hamburg,96706,INTL,,X
V100099,Marketing Industries 99,MX,Monterrey,23833,INTL,,
V100100,Contract Supply Co 100,JP,Yokohama,33086,SRVC,,
